file,source_url
mens-polo/black-model-front.webp,https://s3.eu-west-1.amazonaws.com/gelato-api-live/preflight/preview/polo.none.mens.prm.sols.11346/person1/front/black-1000x1000.webp
mens-polo/black-model-back.webp,https://s3.eu-west-1.amazonaws.com/gelato-api-live/preflight/preview/polo.none.mens.prm.sols.11346/person1/back/black-1000x1000.webp
mens-polo/black-flat-front.webp,https://s3.eu-west-1.amazonaws.com/gelato-api-live/preflight/preview/polo.none.mens.prm.sols.11346/editor/front/black-1000x1000.webp
mens-polo/black-flat-back.webp,https://s3.eu-west-1.amazonaws.com/gelato-api-live/preflight/preview/polo.none.mens.prm.sols.11346/editor/back/black-1000x1000.webp
mens-polo/white-model-front.webp,https://s3.eu-west-1.amazonaws.com/gelato-api-live/preflight/preview/polo.none.mens.prm.sols.11346/person1/front/white-1000x1000.webp
mens-polo/white-model-back.webp,https://s3.eu-west-1.amazonaws.com/gelato-api-live/preflight/preview/polo.none.mens.prm.sols.11346/person1/back/white-1000x1000.webp
mens-polo/white-flat-front.webp,https://s3.eu-west-1.amazonaws.com/gelato-api-live/preflight/preview/polo.none.mens.prm.sols.11346/editor/front/white-1000x1000.webp
mens-polo/white-flat-back.webp,https://s3.eu-west-1.amazonaws.com/gelato-api-live/preflight/preview/polo.none.mens.prm.sols.11346/editor/back/white-1000x1000.webp
mens-polo/pure-grey-model-front.webp,https://s3.eu-west-1.amazonaws.com/gelato-api-live/preflight/preview/polo.none.mens.prm.sols.11346/person1/front/pure-grey-1000x1000.webp
mens-polo/pure-grey-model-back.webp,https://s3.eu-west-1.amazonaws.com/gelato-api-live/preflight/preview/polo.none.mens.prm.sols.11346/person1/back/pure-grey-1000x1000.webp
mens-polo/pure-grey-flat-front.webp,https://s3.eu-west-1.amazonaws.com/gelato-api-live/preflight/preview/polo.none.mens.prm.sols.11346/editor/front/pure-grey-1000x1000.webp
mens-polo/pure-grey-flat-back.webp,https://s3.eu-west-1.amazonaws.com/gelato-api-live/preflight/preview/polo.none.mens.prm.sols.11346/editor/back/pure-grey-1000x1000.webp
mens-polo/royal-blue-model-front.webp,https://s3.eu-west-1.amazonaws.com/gelato-api-live/preflight/preview/polo.none.mens.prm.sols.11346/person1/front/royal-blue-1000x1000.webp
mens-polo/royal-blue-model-back.webp,https://s3.eu-west-1.amazonaws.com/gelato-api-live/preflight/preview/polo.none.mens.prm.sols.11346/person1/back/royal-blue-1000x1000.webp
mens-polo/royal-blue-flat-front.webp,https://s3.eu-west-1.amazonaws.com/gelato-api-live/preflight/preview/polo.none.mens.prm.sols.11346/editor/front/royal-blue-1000x1000.webp
mens-polo/royal-blue-flat-back.webp,https://s3.eu-west-1.amazonaws.com/gelato-api-live/preflight/preview/polo.none.mens.prm.sols.11346/editor/back/royal-blue-1000x1000.webp
womens-polo/french-navy-model-front.webp,https://s3.eu-west-1.amazonaws.com/gelato-api-live/preflight/preview/polo.none.womens.prm.sols.11347/person1/front/french-navy-1000x1000.webp
womens-polo/french-navy-model-back.webp,https://s3.eu-west-1.amazonaws.com/gelato-api-live/preflight/preview/polo.none.womens.prm.sols.11347/person1/back/french-navy-1000x1000.webp
womens-polo/french-navy-flat-front.webp,https://s3.eu-west-1.amazonaws.com/gelato-api-live/preflight/preview/polo.none.womens.prm.sols.11347/editor/front/french-navy-1000x1000.webp
womens-polo/french-navy-flat-back.webp,https://s3.eu-west-1.amazonaws.com/gelato-api-live/preflight/preview/polo.none.womens.prm.sols.11347/editor/back/french-navy-1000x1000.webp
womens-polo/white-model-front.webp,https://s3.eu-west-1.amazonaws.com/gelato-api-live/preflight/preview/polo.none.womens.prm.sols.11347/person1/front/white-1000x1000.webp
womens-polo/white-model-back.webp,https://s3.eu-west-1.amazonaws.com/gelato-api-live/preflight/preview/polo.none.womens.prm.sols.11347/person1/back/white-1000x1000.webp
womens-polo/white-flat-front.webp,https://s3.eu-west-1.amazonaws.com/gelato-api-live/preflight/preview/polo.none.womens.prm.sols.11347/editor/front/white-1000x1000.webp
womens-polo/white-flat-back.webp,https://s3.eu-west-1.amazonaws.com/gelato-api-live/preflight/preview/polo.none.womens.prm.sols.11347/editor/back/white-1000x1000.webp
womens-polo/black-model-front.webp,https://s3.eu-west-1.amazonaws.com/gelato-api-live/preflight/preview/polo.none.womens.prm.sols.11347/person1/front/black-1000x1000.webp
womens-polo/black-model-back.webp,https://s3.eu-west-1.amazonaws.com/gelato-api-live/preflight/preview/polo.none.womens.prm.sols.11347/person1/back/black-1000x1000.webp
womens-polo/black-flat-front.webp,https://s3.eu-west-1.amazonaws.com/gelato-api-live/preflight/preview/polo.none.womens.prm.sols.11347/editor/front/black-1000x1000.webp
womens-polo/black-flat-back.webp,https://s3.eu-west-1.amazonaws.com/gelato-api-live/preflight/preview/polo.none.womens.prm.sols.11347/editor/back/black-1000x1000.webp
organic-polo/black-model-front.webp,https://s3.eu-west-1.amazonaws.com/gelato-api-live/preflight/preview/polo.none.mens.organic.sols.03566/person1/front/black-1000x1000.webp
organic-polo/black-model-back.webp,https://s3.eu-west-1.amazonaws.com/gelato-api-live/preflight/preview/polo.none.mens.organic.sols.03566/person1/back/black-1000x1000.webp
organic-polo/black-flat-front.webp,https://s3.eu-west-1.amazonaws.com/gelato-api-live/preflight/preview/polo.none.mens.organic.sols.03566/editor/front/black-1000x1000.webp
organic-polo/black-flat-back.webp,https://s3.eu-west-1.amazonaws.com/gelato-api-live/preflight/preview/polo.none.mens.organic.sols.03566/editor/back/black-1000x1000.webp
organic-polo/white-model-front.webp,https://s3.eu-west-1.amazonaws.com/gelato-api-live/preflight/preview/polo.none.mens.organic.sols.03566/person1/front/white-1000x1000.webp
organic-polo/white-model-back.webp,https://s3.eu-west-1.amazonaws.com/gelato-api-live/preflight/preview/polo.none.mens.organic.sols.03566/person1/back/white-1000x1000.webp
organic-polo/white-flat-front.webp,https://s3.eu-west-1.amazonaws.com/gelato-api-live/preflight/preview/polo.none.mens.organic.sols.03566/editor/front/white-1000x1000.webp
organic-polo/white-flat-back.webp,https://s3.eu-west-1.amazonaws.com/gelato-api-live/preflight/preview/polo.none.mens.organic.sols.03566/editor/back/white-1000x1000.webp
printed-polo/navy-model-front.webp,https://s3.eu-west-1.amazonaws.com/gelato-api-live/preflight/preview/polo.none.unisex.prm.sols.11362/person/front/navy-1000x1000.webp
printed-polo/navy-model-back.webp,https://s3.eu-west-1.amazonaws.com/gelato-api-live/preflight/preview/polo.none.unisex.prm.sols.11362/person/back/navy-1000x1000.webp
printed-polo/navy-flat-front.webp,https://s3.eu-west-1.amazonaws.com/gelato-api-live/preflight/preview/polo.none.unisex.prm.sols.11362/editor/front/navy-1000x1000.webp
printed-polo/navy-flat-back.webp,https://s3.eu-west-1.amazonaws.com/gelato-api-live/preflight/preview/polo.none.unisex.prm.sols.11362/editor/back/navy-1000x1000.webp
printed-polo/black-model-front.webp,https://s3.eu-west-1.amazonaws.com/gelato-api-live/preflight/preview/polo.none.unisex.prm.sols.11362/person/front/black-1000x1000.webp
printed-polo/black-model-back.webp,https://s3.eu-west-1.amazonaws.com/gelato-api-live/preflight/preview/polo.none.unisex.prm.sols.11362/person/back/black-1000x1000.webp
printed-polo/black-flat-front.webp,https://s3.eu-west-1.amazonaws.com/gelato-api-live/preflight/preview/polo.none.unisex.prm.sols.11362/editor/front/black-1000x1000.webp
printed-polo/black-flat-back.webp,https://s3.eu-west-1.amazonaws.com/gelato-api-live/preflight/preview/polo.none.unisex.prm.sols.11362/editor/back/black-1000x1000.webp
printed-polo/white-model-front.webp,https://s3.eu-west-1.amazonaws.com/gelato-api-live/preflight/preview/polo.none.unisex.prm.sols.11362/person/front/white-1000x1000.webp
printed-polo/white-model-back.webp,https://s3.eu-west-1.amazonaws.com/gelato-api-live/preflight/preview/polo.none.unisex.prm.sols.11362/person/back/white-1000x1000.webp
printed-polo/white-flat-front.webp,https://s3.eu-west-1.amazonaws.com/gelato-api-live/preflight/preview/polo.none.unisex.prm.sols.11362/editor/front/white-1000x1000.webp
printed-polo/white-flat-back.webp,https://s3.eu-west-1.amazonaws.com/gelato-api-live/preflight/preview/polo.none.unisex.prm.sols.11362/editor/back/white-1000x1000.webp
printed-polo/grey-melange-model-front.webp,https://s3.eu-west-1.amazonaws.com/gelato-api-live/preflight/preview/polo.none.unisex.prm.sols.11362/person/front/grey-melange-1000x1000.webp
printed-polo/grey-melange-model-back.webp,https://s3.eu-west-1.amazonaws.com/gelato-api-live/preflight/preview/polo.none.unisex.prm.sols.11362/person/back/grey-melange-1000x1000.webp
printed-polo/grey-melange-flat-front.webp,https://s3.eu-west-1.amazonaws.com/gelato-api-live/preflight/preview/polo.none.unisex.prm.sols.11362/editor/front/grey-melange-1000x1000.webp
printed-polo/grey-melange-flat-back.webp,https://s3.eu-west-1.amazonaws.com/gelato-api-live/preflight/preview/polo.none.unisex.prm.sols.11362/editor/back/grey-melange-1000x1000.webp
heavy-cotton-tee/navy-model-front.webp,https://s3.eu-west-1.amazonaws.com/gelato-api-live/preflight/preview/t-shirt.crewneck.unisex.heavy-weight.gildan.5000/premium/model/male/man2/front/navy-1000x1000.webp
heavy-cotton-tee/navy-model-back.webp,https://s3.eu-west-1.amazonaws.com/gelato-api-live/preflight/preview/t-shirt.crewneck.unisex.heavy-weight.gildan.5000/premium/model/male/man2/back/navy-1000x1000.webp
heavy-cotton-tee/navy-flat-front.webp,https://s3.eu-west-1.amazonaws.com/gelato-api-live/preflight/preview/t-shirt.crewneck.unisex.heavy-weight.gildan.5000/editor/front/navy-1000x1000.webp
heavy-cotton-tee/navy-flat-back.webp,https://s3.eu-west-1.amazonaws.com/gelato-api-live/preflight/preview/t-shirt.crewneck.unisex.heavy-weight.gildan.5000/editor/back/navy-1000x1000.webp
heavy-cotton-tee/sport-grey-model-front.webp,https://s3.eu-west-1.amazonaws.com/gelato-api-live/preflight/preview/t-shirt.crewneck.unisex.heavy-weight.gildan.5000/premium/model/male/man2/front/sport-grey-1000x1000.webp
heavy-cotton-tee/sport-grey-model-back.webp,https://s3.eu-west-1.amazonaws.com/gelato-api-live/preflight/preview/t-shirt.crewneck.unisex.heavy-weight.gildan.5000/premium/model/male/man2/back/sport-grey-1000x1000.webp
heavy-cotton-tee/sport-grey-flat-front.webp,https://s3.eu-west-1.amazonaws.com/gelato-api-live/preflight/preview/t-shirt.crewneck.unisex.heavy-weight.gildan.5000/editor/front/sport-grey-1000x1000.webp
heavy-cotton-tee/sport-grey-flat-back.webp,https://s3.eu-west-1.amazonaws.com/gelato-api-live/preflight/preview/t-shirt.crewneck.unisex.heavy-weight.gildan.5000/editor/back/sport-grey-1000x1000.webp
heavy-cotton-tee/white-model-front.webp,https://s3.eu-west-1.amazonaws.com/gelato-api-live/preflight/preview/t-shirt.crewneck.unisex.heavy-weight.gildan.5000/premium/model/male/man2/front/white-1000x1000.webp
heavy-cotton-tee/white-model-back.webp,https://s3.eu-west-1.amazonaws.com/gelato-api-live/preflight/preview/t-shirt.crewneck.unisex.heavy-weight.gildan.5000/premium/model/male/man2/back/white-1000x1000.webp
heavy-cotton-tee/white-flat-front.webp,https://s3.eu-west-1.amazonaws.com/gelato-api-live/preflight/preview/t-shirt.crewneck.unisex.heavy-weight.gildan.5000/editor/front/white-1000x1000.webp
heavy-cotton-tee/white-flat-back.webp,https://s3.eu-west-1.amazonaws.com/gelato-api-live/preflight/preview/t-shirt.crewneck.unisex.heavy-weight.gildan.5000/editor/back/white-1000x1000.webp
heavy-cotton-tee/black-model-front.webp,https://s3.eu-west-1.amazonaws.com/gelato-api-live/preflight/preview/t-shirt.crewneck.unisex.heavy-weight.gildan.5000/premium/model/male/man2/front/black-1000x1000.webp
heavy-cotton-tee/black-model-back.webp,https://s3.eu-west-1.amazonaws.com/gelato-api-live/preflight/preview/t-shirt.crewneck.unisex.heavy-weight.gildan.5000/premium/model/male/man2/back/black-1000x1000.webp
heavy-cotton-tee/black-flat-front.webp,https://s3.eu-west-1.amazonaws.com/gelato-api-live/preflight/preview/t-shirt.crewneck.unisex.heavy-weight.gildan.5000/editor/front/black-1000x1000.webp
heavy-cotton-tee/black-flat-back.webp,https://s3.eu-west-1.amazonaws.com/gelato-api-live/preflight/preview/t-shirt.crewneck.unisex.heavy-weight.gildan.5000/editor/back/black-1000x1000.webp
logo-hoodie/navy-model-front.webp,https://s3.eu-west-1.amazonaws.com/gelato-api-live/preflight/preview/hoodie.pullover.unisex.classic.gildan.18500/premium/model/male/man2/front/navy-1000x1000.webp
logo-hoodie/navy-model-back.webp,https://s3.eu-west-1.amazonaws.com/gelato-api-live/preflight/preview/hoodie.pullover.unisex.classic.gildan.18500/premium/model/male/man2/back/navy-1000x1000.webp
logo-hoodie/navy-flat-front.webp,https://s3.eu-west-1.amazonaws.com/gelato-api-live/preflight/preview/hoodie.pullover.unisex.classic.gildan.18500/editor/front/navy-1000x1000.webp
logo-hoodie/navy-flat-back.webp,https://s3.eu-west-1.amazonaws.com/gelato-api-live/preflight/preview/hoodie.pullover.unisex.classic.gildan.18500/editor/back/navy-1000x1000.webp
logo-hoodie/black-model-front.webp,https://s3.eu-west-1.amazonaws.com/gelato-api-live/preflight/preview/hoodie.pullover.unisex.classic.gildan.18500/premium/model/male/man2/front/black-1000x1000.webp
logo-hoodie/black-model-back.webp,https://s3.eu-west-1.amazonaws.com/gelato-api-live/preflight/preview/hoodie.pullover.unisex.classic.gildan.18500/premium/model/male/man2/back/black-1000x1000.webp
logo-hoodie/black-flat-front.webp,https://s3.eu-west-1.amazonaws.com/gelato-api-live/preflight/preview/hoodie.pullover.unisex.classic.gildan.18500/editor/front/black-1000x1000.webp
logo-hoodie/black-flat-back.webp,https://s3.eu-west-1.amazonaws.com/gelato-api-live/preflight/preview/hoodie.pullover.unisex.classic.gildan.18500/editor/back/black-1000x1000.webp
logo-hoodie/white-model-front.webp,https://s3.eu-west-1.amazonaws.com/gelato-api-live/preflight/preview/hoodie.pullover.unisex.classic.gildan.18500/premium/model/male/man2/front/white-1000x1000.webp
logo-hoodie/white-model-back.webp,https://s3.eu-west-1.amazonaws.com/gelato-api-live/preflight/preview/hoodie.pullover.unisex.classic.gildan.18500/premium/model/male/man2/back/white-1000x1000.webp
logo-hoodie/white-flat-front.webp,https://s3.eu-west-1.amazonaws.com/gelato-api-live/preflight/preview/hoodie.pullover.unisex.classic.gildan.18500/editor/front/white-1000x1000.webp
logo-hoodie/white-flat-back.webp,https://s3.eu-west-1.amazonaws.com/gelato-api-live/preflight/preview/hoodie.pullover.unisex.classic.gildan.18500/editor/back/white-1000x1000.webp
logo-hoodie/sport-grey-model-front.webp,https://s3.eu-west-1.amazonaws.com/gelato-api-live/preflight/preview/hoodie.pullover.unisex.classic.gildan.18500/premium/model/male/man2/front/sport-grey-1000x1000.webp
logo-hoodie/sport-grey-model-back.webp,https://s3.eu-west-1.amazonaws.com/gelato-api-live/preflight/preview/hoodie.pullover.unisex.classic.gildan.18500/premium/model/male/man2/back/sport-grey-1000x1000.webp
logo-hoodie/sport-grey-flat-front.webp,https://s3.eu-west-1.amazonaws.com/gelato-api-live/preflight/preview/hoodie.pullover.unisex.classic.gildan.18500/editor/front/sport-grey-1000x1000.webp
logo-hoodie/sport-grey-flat-back.webp,https://s3.eu-west-1.amazonaws.com/gelato-api-live/preflight/preview/hoodie.pullover.unisex.classic.gildan.18500/editor/back/sport-grey-1000x1000.webp
crew-sweatshirt/navy-model-front.webp,https://s3.eu-west-1.amazonaws.com/gelato-api-live/preflight/preview/sweatshirt.crewneck.unisex.classic.gildan.18000/premium/model/male/man2/front/navy-1000x1000.webp
crew-sweatshirt/navy-model-back.webp,https://s3.eu-west-1.amazonaws.com/gelato-api-live/preflight/preview/sweatshirt.crewneck.unisex.classic.gildan.18000/premium/model/male/man2/back/navy-1000x1000.webp
crew-sweatshirt/navy-flat-front.webp,https://s3.eu-west-1.amazonaws.com/gelato-api-live/preflight/preview/sweatshirt.crewneck.unisex.classic.gildan.18000/editor/front/navy-1000x1000.webp
crew-sweatshirt/navy-flat-back.webp,https://s3.eu-west-1.amazonaws.com/gelato-api-live/preflight/preview/sweatshirt.crewneck.unisex.classic.gildan.18000/editor/back/navy-1000x1000.webp
crew-sweatshirt/sport-grey-model-front.webp,https://s3.eu-west-1.amazonaws.com/gelato-api-live/preflight/preview/sweatshirt.crewneck.unisex.classic.gildan.18000/premium/model/male/man2/front/sport-grey-1000x1000.webp
crew-sweatshirt/sport-grey-model-back.webp,https://s3.eu-west-1.amazonaws.com/gelato-api-live/preflight/preview/sweatshirt.crewneck.unisex.classic.gildan.18000/premium/model/male/man2/back/sport-grey-1000x1000.webp
crew-sweatshirt/sport-grey-flat-front.webp,https://s3.eu-west-1.amazonaws.com/gelato-api-live/preflight/preview/sweatshirt.crewneck.unisex.classic.gildan.18000/editor/front/sport-grey-1000x1000.webp
crew-sweatshirt/sport-grey-flat-back.webp,https://s3.eu-west-1.amazonaws.com/gelato-api-live/preflight/preview/sweatshirt.crewneck.unisex.classic.gildan.18000/editor/back/sport-grey-1000x1000.webp
crew-sweatshirt/white-model-front.webp,https://s3.eu-west-1.amazonaws.com/gelato-api-live/preflight/preview/sweatshirt.crewneck.unisex.classic.gildan.18000/premium/model/male/man2/front/white-1000x1000.webp
crew-sweatshirt/white-model-back.webp,https://s3.eu-west-1.amazonaws.com/gelato-api-live/preflight/preview/sweatshirt.crewneck.unisex.classic.gildan.18000/premium/model/male/man2/back/white-1000x1000.webp
crew-sweatshirt/white-flat-front.webp,https://s3.eu-west-1.amazonaws.com/gelato-api-live/preflight/preview/sweatshirt.crewneck.unisex.classic.gildan.18000/editor/front/white-1000x1000.webp
crew-sweatshirt/white-flat-back.webp,https://s3.eu-west-1.amazonaws.com/gelato-api-live/preflight/preview/sweatshirt.crewneck.unisex.classic.gildan.18000/editor/back/white-1000x1000.webp
crew-sweatshirt/black-model-front.webp,https://s3.eu-west-1.amazonaws.com/gelato-api-live/preflight/preview/sweatshirt.crewneck.unisex.classic.gildan.18000/premium/model/male/man2/front/black-1000x1000.webp
crew-sweatshirt/black-model-back.webp,https://s3.eu-west-1.amazonaws.com/gelato-api-live/preflight/preview/sweatshirt.crewneck.unisex.classic.gildan.18000/premium/model/male/man2/back/black-1000x1000.webp
crew-sweatshirt/black-flat-front.webp,https://s3.eu-west-1.amazonaws.com/gelato-api-live/preflight/preview/sweatshirt.crewneck.unisex.classic.gildan.18000/editor/front/black-1000x1000.webp
crew-sweatshirt/black-flat-back.webp,https://s3.eu-west-1.amazonaws.com/gelato-api-live/preflight/preview/sweatshirt.crewneck.unisex.classic.gildan.18000/editor/back/black-1000x1000.webp
